module,function_or_method,file,lineno
run_llm_adapter,_safe_print,run_llm_adapter.py,150
run_llm_adapter,_bool_env,run_llm_adapter.py,159
run_llm_adapter,_coerce_env_value,run_llm_adapter.py,166
run_llm_adapter,_set_env_vars,run_llm_adapter.py,183
run_llm_adapter,_on_response,run_llm_adapter.py,192
run_llm_adapter,_on_spontaneous,run_llm_adapter.py,201
run_llm_adapter,_start_research,run_llm_adapter.py,216
run_llm_adapter,_start_creation,run_llm_adapter.py,239
run_llm_adapter,_start_learning,run_llm_adapter.py,257
run_llm_adapter,_parse_profile_name,run_llm_adapter.py,334
run_llm_adapter,_apply_profile,run_llm_adapter.py,338
run_llm_adapter,_snapshot_state,run_llm_adapter.py,350
run_llm_adapter,_normalize_control_mode,run_llm_adapter.py,370
run_llm_adapter,_print_status,run_llm_adapter.py,385
run_llm_adapter,_print_help,run_llm_adapter.py,441
run_llm_adapter,_print_topology,run_llm_adapter.py,460
run_llm_adapter,_print_shadow_writes,run_llm_adapter.py,482
run_llm_adapter,_handle_command,run_llm_adapter.py,502
llm_adapter.config,M3LLMConfig.from_json,llm_adapter/config.py,199
llm_adapter.config,M3LLMConfig.to_json,llm_adapter/config.py,219
llm_adapter.config,set_global_config,llm_adapter/config.py,329
llm_adapter.config,get_global_config,llm_adapter/config.py,335
llm_adapter.config,create_default_config_file,llm_adapter/config.py,345
llm_adapter.config,load_config_from_file,llm_adapter/config.py,362
llm_adapter.config,print_config_summary,llm_adapter/config.py,377
llm_adapter.config,validate_config,llm_adapter/config.py,415
llm_adapter.layers,PlasticBitLinear.__init__,llm_adapter/layers.py,17
llm_adapter.layers,PlasticBitLinear.forward,llm_adapter/layers.py,46
llm_adapter.layers,PlasticBitLinear._quantize_weight,llm_adapter/layers.py,74
llm_adapter.layers,PlasticBitLinear._hebbian_update,llm_adapter/layers.py,81
llm_adapter.layers,PlasticBitLinear.consolidate,llm_adapter/layers.py,105
llm_adapter.layers,PlasticBitLinear.extra_repr,llm_adapter/layers.py,131
llm_adapter.llm_core,M3StateEncoder.__init__,llm_adapter/llm_core.py,163
llm_adapter.llm_core,M3StateEncoder._infer_nhead,llm_adapter/llm_core.py,193
llm_adapter.llm_core,M3StateEncoder._infer_fusion_layers,llm_adapter/llm_core.py,204
llm_adapter.llm_core,M3StateEncoder._infer_dropout,llm_adapter/llm_core.py,217
llm_adapter.llm_core,M3StateEncoder._lazy_init_projections,llm_adapter/llm_core.py,230
llm_adapter.llm_core,M3StateEncoder.forward,llm_adapter/llm_core.py,281
llm_adapter.llm_core,M3StateCache.__init__,llm_adapter/llm_core.py,379
llm_adapter.llm_core,M3StateCache._infer_cache_size,llm_adapter/llm_core.py,386
llm_adapter.llm_core,M3StateCache._infer_phi_trend_window,llm_adapter/llm_core.py,414
llm_adapter.llm_core,M3StateCache.update,llm_adapter/llm_core.py,424
llm_adapter.llm_core,M3StateCache.get_current_panels,llm_adapter/llm_core.py,460
llm_adapter.llm_core,M3StateCache.get_phi_trend,llm_adapter/llm_core.py,464
llm_adapter.llm_core,M3AwareDecoderLayer.__init__,llm_adapter/llm_core.py,492
llm_adapter.llm_core,M3AwareDecoderLayer._infer_nhead,llm_adapter/llm_core.py,536
llm_adapter.llm_core,M3AwareDecoderLayer._infer_dropout,llm_adapter/llm_core.py,543
llm_adapter.llm_core,M3AwareDecoderLayer.forward,llm_adapter/llm_core.py,552
llm_adapter.llm_core,M3AdaptiveSampler.__init__,llm_adapter/llm_core.py,599
llm_adapter.llm_core,M3AdaptiveSampler._compute_temperature,llm_adapter/llm_core.py,614
llm_adapter.llm_core,M3AdaptiveSampler._compute_top_k,llm_adapter/llm_core.py,674
llm_adapter.llm_core,M3AdaptiveSampler.sample,llm_adapter/llm_core.py,722
llm_adapter.llm_core,HFBackend.get_instance,llm_adapter/llm_core.py,780
llm_adapter.llm_core,HFBackend.is_available,llm_adapter/llm_core.py,786
llm_adapter.llm_core,HFBackend.__init__,llm_adapter/llm_core.py,789
llm_adapter.llm_core,HFBackend._ensure_loaded,llm_adapter/llm_core.py,805
llm_adapter.llm_core,HFBackend._bridge_enabled,llm_adapter/llm_core.py,888
llm_adapter.llm_core,HFBackend._note_control_health,llm_adapter/llm_core.py,894
llm_adapter.llm_core,HFBackend._compute_recent_control_stats,llm_adapter/llm_core.py,904
llm_adapter.llm_core,HFBackend._auto_control_selection,llm_adapter/llm_core.py,922
llm_adapter.llm_core,HFBackend._control_selection_mode,llm_adapter/llm_core.py,950
llm_adapter.llm_core,HFBackend._control_allows,llm_adapter/llm_core.py,967
llm_adapter.llm_core,HFBackend._ensure_control_bridge,llm_adapter/llm_core.py,977
llm_adapter.llm_core,HFBackend._prepare_bridge_state,llm_adapter/llm_core.py,1007
llm_adapter.llm_core,HFBackend._micro_update_step_state,llm_adapter/llm_core.py,1024
llm_adapter.llm_core,HFBackend._sample_next_token,llm_adapter/llm_core.py,1056
llm_adapter.llm_core,HFBackend._token_critic_enabled,llm_adapter/llm_core.py,1084
llm_adapter.llm_core,HFBackend._compute_sample_params,llm_adapter/llm_core.py,1091
llm_adapter.llm_core,HFBackend._apply_bridge_logit_bias,llm_adapter/llm_core.py,1107
llm_adapter.llm_core,HFBackend._apply_token_value_injection,llm_adapter/llm_core.py,1118
llm_adapter.llm_core,HFBackend._resolve_forbidden_token_ids,llm_adapter/llm_core.py,1137
llm_adapter.llm_core,HFBackend._apply_decode_control_params,llm_adapter/llm_core.py,1170
llm_adapter.llm_core,HFBackend.generate_with_m3,llm_adapter/llm_core.py,1192
llm_adapter.llm_core,_resolve_torch_device,llm_adapter/llm_core.py,1543
llm_adapter.llm_core,TorchConversationalPolicy.__init__,llm_adapter/llm_core.py,1558
llm_adapter.llm_core,TorchConversationalPolicy._is_numeric_dump_response,llm_adapter/llm_core.py,1858
llm_adapter.llm_core,TorchConversationalPolicy._is_backend_status_text,llm_adapter/llm_core.py,1880
llm_adapter.llm_core,TorchConversationalPolicy._is_refusal_disclaimer,llm_adapter/llm_core.py,1911
llm_adapter.llm_core,TorchConversationalPolicy._is_disallowed_generation_output,llm_adapter/llm_core.py,1951
llm_adapter.llm_core,TorchConversationalPolicy._system_prompt_mode,llm_adapter/llm_core.py,1968
llm_adapter.llm_core,TorchConversationalPolicy._system_prompt_enabled,llm_adapter/llm_core.py,1971
llm_adapter.llm_core,TorchConversationalPolicy._get_system_prompt,llm_adapter/llm_core.py,1975
llm_adapter.llm_core,TorchConversationalPolicy._verifier_tokens,llm_adapter/llm_core.py,1983
llm_adapter.llm_core,TorchConversationalPolicy._evaluate_generation_quality,llm_adapter/llm_core.py,1990
llm_adapter.llm_core,TorchConversationalPolicy._read_float,llm_adapter/llm_core.py,2063
llm_adapter.llm_core,TorchConversationalPolicy._read_int,llm_adapter/llm_core.py,2069
llm_adapter.llm_core,TorchConversationalPolicy._resolve_generation_sampling,llm_adapter/llm_core.py,2075
llm_adapter.llm_core,TorchConversationalPolicy._retry_generation_sampling,llm_adapter/llm_core.py,2167
llm_adapter.llm_core,TorchConversationalPolicy._strip_similar_context_block,llm_adapter/llm_core.py,2185
llm_adapter.llm_core,TorchConversationalPolicy._is_cuda_fatal_error,llm_adapter/llm_core.py,2206
llm_adapter.llm_core,TorchConversationalPolicy._trip_hf_circuit_breaker,llm_adapter/llm_core.py,2219
llm_adapter.llm_core,TorchConversationalPolicy._extract_last_user_text,llm_adapter/llm_core.py,2239
llm_adapter.llm_core,TorchConversationalPolicy._detect_language,llm_adapter/llm_core.py,2278
llm_adapter.llm_core,TorchConversationalPolicy._is_autonomy_prompt,llm_adapter/llm_core.py,2297
llm_adapter.llm_core,TorchConversationalPolicy._should_include_m3_state,llm_adapter/llm_core.py,2305
llm_adapter.llm_core,TorchConversationalPolicy._is_state_request,llm_adapter/llm_core.py,2330
llm_adapter.llm_core,TorchConversationalPolicy._build_decode_control,llm_adapter/llm_core.py,2349
llm_adapter.llm_core,TorchConversationalPolicy._sanitize_training_record,llm_adapter/llm_core.py,2386
llm_adapter.llm_core,TorchConversationalPolicy._generate_safe_fallback,llm_adapter/llm_core.py,2491
llm_adapter.llm_core,TorchConversationalPolicy.save_model,llm_adapter/llm_core.py,2549
llm_adapter.llm_core,TorchConversationalPolicy._record_example,llm_adapter/llm_core.py,2563
llm_adapter.llm_core,TorchConversationalPolicy.enable_m3_integration,llm_adapter/llm_core.py,2603
llm_adapter.llm_core,TorchConversationalPolicy._normalize_affect_state,llm_adapter/llm_core.py,2612
llm_adapter.llm_core,TorchConversationalPolicy._get_affect_state,llm_adapter/llm_core.py,2632
llm_adapter.llm_core,TorchConversationalPolicy._update_m3_cache,llm_adapter/llm_core.py,2663
llm_adapter.llm_core,TorchConversationalPolicy._build_m3_memory,llm_adapter/llm_core.py,2674
llm_adapter.llm_core,TorchConversationalPolicy.build_m3_memory,llm_adapter/llm_core.py,2697
llm_adapter.llm_core,TorchConversationalPolicy._vectorize_panels,llm_adapter/llm_core.py,2700
llm_adapter.llm_core,TorchConversationalPolicy._snapshot_vector,llm_adapter/llm_core.py,2725
llm_adapter.llm_core,TorchConversationalPolicy._build_full_state_vector,llm_adapter/llm_core.py,2796
llm_adapter.llm_core,TorchConversationalPolicy._build_m3_context,llm_adapter/llm_core.py,2825
llm_adapter.llm_core,TorchConversationalPolicy.start_credit_consumer,llm_adapter/llm_core.py,2926
llm_adapter.llm_core,TorchConversationalPolicy.stop_credit_consumer,llm_adapter/llm_core.py,2934
llm_adapter.llm_core,TorchConversationalPolicy._state_vector,llm_adapter/llm_core.py,2941
llm_adapter.llm_core,TorchConversationalPolicy._build_autonomy_prefix,llm_adapter/llm_core.py,2952
llm_adapter.llm_core,TorchConversationalPolicy._run_core_steps,llm_adapter/llm_core.py,2970
llm_adapter.llm_core,TorchConversationalPolicy._run_checkpoint_if_enabled,llm_adapter/llm_core.py,2980
llm_adapter.llm_core,TorchConversationalPolicy._drain_user_message,llm_adapter/llm_core.py,2988
llm_adapter.llm_core,TorchConversationalPolicy._handle_user_turn,llm_adapter/llm_core.py,2999
llm_adapter.llm_core,TorchConversationalPolicy._wait_for_user_interrupt,llm_adapter/llm_core.py,3028
llm_adapter.llm_core,TorchConversationalPolicy._run_autonomy_turn,llm_adapter/llm_core.py,3043
llm_adapter.llm_core,TorchConversationalPolicy.start_autonomy_loop,llm_adapter/llm_core.py,3140
llm_adapter.llm_core,TorchConversationalPolicy.stop_autonomy_loop,llm_adapter/llm_core.py,3151
llm_adapter.llm_core,TorchConversationalPolicy.submit_user_message,llm_adapter/llm_core.py,3157
llm_adapter.llm_core,TorchConversationalPolicy._autonomy_seed_prompt,llm_adapter/llm_core.py,3164
llm_adapter.llm_core,TorchConversationalPolicy._parse_user_m3_transcript,llm_adapter/llm_core.py,3206
llm_adapter.llm_core,TorchConversationalPolicy._unified_loop,llm_adapter/llm_core.py,3267
llm_adapter.llm_core,TorchConversationalPolicy._consume_credits,llm_adapter/llm_core.py,3293
llm_adapter.llm_core,TorchConversationalPolicy._process_credit_message,llm_adapter/llm_core.py,3315
llm_adapter.llm_core,TorchConversationalPolicy.load_model,llm_adapter/llm_core.py,3347
llm_adapter.llm_core,TorchConversationalPolicy._beta_schedule,llm_adapter/llm_core.py,3359
llm_adapter.llm_core,TorchConversationalPolicy._update_task_weights_gradnorm,llm_adapter/llm_core.py,3385
llm_adapter.llm_core,TorchConversationalPolicy._normalize_targets,llm_adapter/llm_core.py,3441
llm_adapter.llm_core,TorchConversationalPolicy._alpha_scheduler_uncertainty,llm_adapter/llm_core.py,3469
llm_adapter.llm_core,TorchConversationalPolicy._log_jsonl,llm_adapter/llm_core.py,3515
llm_adapter.llm_core,TorchConversationalPolicy._adv_headroom,llm_adapter/llm_core.py,3524
llm_adapter.llm_core,TorchConversationalPolicy._looks_like_toolcall,llm_adapter/llm_core.py,3539
llm_adapter.llm_core,TorchConversationalPolicy._sample_toolcall_variants,llm_adapter/llm_core.py,3543
llm_adapter.llm_core,TorchConversationalPolicy._quick_eval_proxy,llm_adapter/llm_core.py,3582
llm_adapter.llm_core,TorchConversationalPolicy._predict_value_scalar,llm_adapter/llm_core.py,3591
llm_adapter.llm_core,TorchConversationalPolicy._build_cond_key,llm_adapter/llm_core.py,3615
llm_adapter.llm_core,TorchConversationalPolicy._sample,llm_adapter/llm_core.py,3680
llm_adapter.llm_core,TorchConversationalPolicy._build_hf_quality_gate_inputs,llm_adapter/llm_core.py,3689
llm_adapter.llm_core,TorchConversationalPolicy._generate_with_hf,llm_adapter/llm_core.py,3721
llm_adapter.llm_core,TorchConversationalPolicy._apply_quality_gate_if_enabled,llm_adapter/llm_core.py,3742
llm_adapter.llm_core,TorchConversationalPolicy._semantic_perspective_prefix,llm_adapter/llm_core.py,3786
llm_adapter.llm_core,TorchConversationalPolicy.embed_text,llm_adapter/llm_core.py,3807
llm_adapter.llm_core,TorchConversationalPolicy.generate,llm_adapter/llm_core.py,3825
llm_adapter.llm_core,TorchConversationalPolicy.score_value,llm_adapter/llm_core.py,4102
llm_adapter.llm_core,TorchConversationalPolicy.collect_knn_from_teacher,llm_adapter/llm_core.py,4145
llm_adapter.llm_core,TorchConversationalPolicy.learn_pair,llm_adapter/llm_core.py,4168
llm_adapter.llm_core,TorchConversationalPolicy.train_batch,llm_adapter/llm_core.py,4226
llm_adapter.llm_core,TorchConversationalPolicy.train_on_example,llm_adapter/llm_core.py,4318
llm_adapter.llm_core,TorchConversationalPolicy.train_dpo_from_dir,llm_adapter/llm_core.py,4322
llm_adapter.llm_core,TorchConversationalPolicy._extract_supervised_pair,llm_adapter/llm_core.py,4390
llm_adapter.llm_core,TorchConversationalPolicy._iter_supervised_records_from_dir,llm_adapter/llm_core.py,4415
llm_adapter.llm_core,TorchConversationalPolicy.train_supervised_from_dir,llm_adapter/llm_core.py,4458
llm_adapter.llm_core,TorchConversationalPolicy.evaluate_supervised_from_dir,llm_adapter/llm_core.py,4479
llm_adapter.llm_core,TorchConversationalPolicy.evaluate_dpo_from_dir,llm_adapter/llm_core.py,4511
llm_adapter.llm_core,TorchConversationalPolicy.auto_train_and_test_from_data_set,llm_adapter/llm_core.py,4589
llm_adapter.llm_core,TorchConversationalPolicy.train_all_from_data_set,llm_adapter/llm_core.py,4654
llm_adapter.llm_core,TorchConversationalPolicy._sequence_logprob,llm_adapter/llm_core.py,4878
llm_adapter.llm_core,TorchConversationalPolicy.dpo_step,llm_adapter/llm_core.py,4900
llm_adapter.llm_core,TorchConversationalPolicy.dpo_batch_step,llm_adapter/llm_core.py,4994
llm_adapter.llm_core,TorchConversationalPolicy._is_empty_prompt_or_response,llm_adapter/llm_core.py,5171
llm_adapter.llm_core,TorchConversationalPolicy.train_value_head,llm_adapter/llm_core.py,5175
llm_adapter.llm_core,TorchConversationalPolicy.train_token_value_head,llm_adapter/llm_core.py,5295
llm_adapter.llm_core,UnifiedM3Policy.__init__,llm_adapter/llm_core.py,5393
llm_adapter.llm_core,UnifiedM3Policy.set_motor_policy,llm_adapter/llm_core.py,5397
llm_adapter.llm_core,UnifiedM3Policy.sample_action,llm_adapter/llm_core.py,5402
llm_adapter.llm_core,UnifiedM3Policy.update_motor,llm_adapter/llm_core.py,5408
llm_adapter.llm_core,PlasticBrainPolicy.__init__,llm_adapter/llm_core.py,5420
llm_adapter.llm_core,PlasticBrainPolicy.sample,llm_adapter/llm_core.py,5430
llm_adapter.llm_core,PlasticBrainPolicy._state_vector,llm_adapter/llm_core.py,5438
llm_adapter.llm_core,PlasticBrainPolicy.learn,llm_adapter/llm_core.py,5446
llm_adapter.llm_core,PlasticBrainPolicy.generate,llm_adapter/llm_core.py,5450
llm_adapter.llm_core,_attach_control_compat,llm_adapter/llm_core.py,5472
llm_adapter.llm_core,attach_llm_to_core,llm_adapter/llm_core.py,5525
llm_adapter.m3_control_bridge,M3ControlBridge.__init__,llm_adapter/m3_control_bridge.py,27
llm_adapter.m3_control_bridge,M3ControlBridge._prepare_state,llm_adapter/m3_control_bridge.py,61
llm_adapter.m3_control_bridge,M3ControlBridge.forward,llm_adapter/m3_control_bridge.py,77
llm_adapter.m3_control_bridge,_to_module_list,llm_adapter/m3_control_bridge.py,103
llm_adapter.m3_control_bridge,find_decoder_layers,llm_adapter/m3_control_bridge.py,113
llm_adapter.m3_control_bridge,LayerGateRuntime.__init__,llm_adapter/m3_control_bridge.py,151
llm_adapter.m3_control_bridge,LayerGateRuntime.close,llm_adapter/m3_control_bridge.py,155
llm_adapter.m3_control_bridge,LayerGateRuntime.apply,llm_adapter/m3_control_bridge.py,163
llm_adapter.m3_control_bridge,GenerationQualityGate.__init__,llm_adapter/m3_control_bridge.py,212
llm_adapter.m3_control_bridge,GenerationQualityGate._features,llm_adapter/m3_control_bridge.py,216
llm_adapter.m3_control_bridge,GenerationQualityGate.evaluate,llm_adapter/m3_control_bridge.py,239
llm_adapter.m3_plastic_policy,M3PlasticPolicy.__init__,llm_adapter/m3_plastic_policy.py,22
llm_adapter.m3_plastic_policy,M3PlasticPolicy.encoder,llm_adapter/m3_plastic_policy.py,84
llm_adapter.m3_plastic_policy,M3PlasticPolicy.reset_state,llm_adapter/m3_plastic_policy.py,107
llm_adapter.m3_plastic_policy,M3PlasticPolicy.forward,llm_adapter/m3_plastic_policy.py,111
llm_adapter.m3_plastic_policy,M3PlasticPolicy.sample,llm_adapter/m3_plastic_policy.py,166
llm_adapter.m3_plastic_policy,M3PlasticPolicy.sleep,llm_adapter/m3_plastic_policy.py,214
llm_adapter.m3_plastic_policy,M3PlasticPolicy.learn_from_text,llm_adapter/m3_plastic_policy.py,232
llm_adapter.memory,M3EpisodicMemoryRetriever.__init__,llm_adapter/memory.py,23
llm_adapter.memory,M3EpisodicMemoryRetriever._get_episode_list,llm_adapter/memory.py,26
llm_adapter.memory,M3EpisodicMemoryRetriever._current_qualia_vector,llm_adapter/memory.py,42
llm_adapter.memory,M3EpisodicMemoryRetriever._episode_embedding,llm_adapter/memory.py,60
llm_adapter.memory,M3EpisodicMemoryRetriever._select_query_vector,llm_adapter/memory.py,83
llm_adapter.memory,M3EpisodicMemoryRetriever._compute_similarity_scores,llm_adapter/memory.py,98
llm_adapter.memory,M3EpisodicMemoryRetriever._infer_top_k,llm_adapter/memory.py,132
llm_adapter.memory,M3EpisodicMemoryRetriever.retrieve_relevant_episodes,llm_adapter/memory.py,150
llm_adapter.memory,ConditionalKNNIndex.__init__,llm_adapter/memory.py,289
llm_adapter.memory,ConditionalKNNIndex._norm,llm_adapter/memory.py,304
llm_adapter.memory,ConditionalKNNIndex._softmax,llm_adapter/memory.py,309
llm_adapter.memory,ConditionalKNNIndex.add,llm_adapter/memory.py,314
llm_adapter.memory,ConditionalKNNIndex._downsample,llm_adapter/memory.py,336
llm_adapter.memory,ConditionalKNNIndex.query,llm_adapter/memory.py,385
llm_adapter.remote,_get_system_prompt,llm_adapter/remote.py,19
llm_adapter.remote,_system_prompt_mode,llm_adapter/remote.py,26
llm_adapter.remote,_system_prompt_enabled,llm_adapter/remote.py,30
llm_adapter.remote,_build_prompt,llm_adapter/remote.py,35
llm_adapter.remote,_dedupe_response,llm_adapter/remote.py,46
llm_adapter.remote,get_local_thinking,llm_adapter/remote.py,76
llm_adapter.tokenization,M3Tokenizer.__init__,llm_adapter/tokenization.py,18
llm_adapter.tokenization,M3Tokenizer.PAD,llm_adapter/tokenization.py,96
llm_adapter.tokenization,M3Tokenizer.BOS,llm_adapter/tokenization.py,100
llm_adapter.tokenization,M3Tokenizer.EOS,llm_adapter/tokenization.py,104
llm_adapter.tokenization,M3Tokenizer.encode,llm_adapter/tokenization.py,107
llm_adapter.tokenization,M3Tokenizer.decode,llm_adapter/tokenization.py,123
llm_adapter.tokenization,M3Tokenizer.vocab_size,llm_adapter/tokenization.py,135
llm_adapter.tokenization,M3Tokenizer.train,llm_adapter/tokenization.py,143
llm_adapter.tokenization,M3Tokenizer.save,llm_adapter/tokenization.py,172
llm_adapter.tokenization,M3Tokenizer.from_config,llm_adapter/tokenization.py,180
m3.features,HebbianMemory.__post_init__,m3/features.py,34
m3.features,HebbianMemory.update,m3/features.py,44
m3.features,HebbianMemory.read,m3/features.py,66
m3.features,HebbianMemory.store_episode,m3/features.py,73
m3.features,HebbianMemory.replay_episode,m3/features.py,82
m3.features,HebbianMemory.similarity_score,m3/features.py,94
m3.features,HebbianMemory.similarity_search,m3/features.py,103
m3.features,HebbianMemory.retrieve_similar_episodes,m3/features.py,115
m3.features,pack_scalar,m3/features.py,163
m3.features,pack_stats_sample,m3/features.py,176
m3.features,pack_spatial_pool,m3/features.py,195
m3.features,pack_learned_proj,m3/features.py,256
m3.features,Scope.encode,m3/features.py,302
m3.m3_core,_write_jsonl_safe,m3/m3_core.py,16
m3.m3_core,_default_torch_device,m3/m3_core.py,44
m3.m3_core,MessageBus.__init__,m3/m3_core.py,116
m3.m3_core,MessageBus.register_module,m3/m3_core.py,132
m3.m3_core,MessageBus.send,m3/m3_core.py,139
m3.m3_core,MessageBus.receive,m3/m3_core.py,159
m3.m3_core,MessageBus.receive_all,m3/m3_core.py,168
m3.m3_core,MessageBus.get_stats,m3/m3_core.py,178
m3.m3_core,MessageBus.register_span,m3/m3_core.py,189
m3.m3_core,MessageBus.close_span,m3/m3_core.py,195
m3.m3_core,MessageBus.route_credit,m3/m3_core.py,205
m3.m3_core,RNGRegistry.__init__,m3/m3_core.py,262
m3.m3_core,RNGRegistry.get,m3/m3_core.py,267
m3.m3_core,RNGRegistry.episode,m3/m3_core.py,273
m3.m3_core,PolicyMLP.__init__,m3/m3_core.py,287
m3.m3_core,PolicyMLP.adopt_linear,m3/m3_core.py,326
m3.m3_core,PolicyMLP.forward,m3/m3_core.py,335
m3.m3_core,PolicyMLP.sample,m3/m3_core.py,343
m3.m3_core,PolicyMLP.record,m3/m3_core.py,359
m3.m3_core,PolicyMLP.end_batch,m3/m3_core.py,365
m3.m3_core,PolicyMLP._approx_kl,m3/m3_core.py,444
m3.m3_core,PolicyMLP.spectral_clip,m3/m3_core.py,447
m3.m3_core,PolicyMLP.resize_input,m3/m3_core.py,450
m3.m3_core,PolicyMLP.resize_hidden,m3/m3_core.py,473
m3.m3_core,PolicyMLP.resize_output,m3/m3_core.py,477
m3.m3_core,FeatureBank.__init__,m3/m3_core.py,503
m3.m3_core,FeatureBank.set_mask,m3/m3_core.py,539
m3.m3_core,FeatureBank._norm,m3/m3_core.py,545
m3.m3_core,FeatureBank._update_stats,m3/m3_core.py,551
m3.m3_core,FeatureBank._hash_embed,m3/m3_core.py,563
m3.m3_core,FeatureBank.build,m3/m3_core.py,577
m3.m3_core,FeatureBank.panels,m3/m3_core.py,793
m3.m3_core,FeatureBank._feature_scores,m3/m3_core.py,971
m3.m3_core,FeatureBank.shrink,m3/m3_core.py,1003
m3.m3_core,FeatureBank.merge,m3/m3_core.py,1047
m3.m3_core,SkillsManager.__init__,m3/m3_core.py,1182
m3.m3_core,SkillsManager.observe,m3/m3_core.py,1188
m3.m3_core,SkillsManager.get_gate_biases,m3/m3_core.py,1207
m3.m3_core,SharedRepresentation.__init__,m3/m3_core.py,1229
m3.m3_core,SharedRepresentation.update_stats,m3/m3_core.py,1238
m3.m3_core,SharedRepresentation.transform,m3/m3_core.py,1247
m3.m3_core,SharedRepresentation.auto_tune_embed,m3/m3_core.py,1263
m3.m3_core,SharedRepresentation.set_log_paths,m3/m3_core.py,1287
m3.m3_core,SharedRepresentation._log_jsonl,m3/m3_core.py,1295
m3.m3_core,SharedRepresentation.autodiscover,m3/m3_core.py,1304
m3.m3_core,SharedRepresentation._score_spec,m3/m3_core.py,1348
m3.m3_core,SharedRepresentation._pack_spec,m3/m3_core.py,1373
m3.m3_core,SharedRepresentation._assemble_with_extra,m3/m3_core.py,1383
m3.m3_core,SharedRepresentation._mi_with_advantage,m3/m3_core.py,1394
m3.m3_core,SharedRepresentation._fisher_wrt_policy,m3/m3_core.py,1413
m3.m3_core,SharedRepresentation._redundancy_vs_existing,m3/m3_core.py,1425
m3.m3_core,SharedRepresentation.start_ab_trial,m3/m3_core.py,1438
m3.m3_core,SharedRepresentation.ab_update,m3/m3_core.py,1442
m3.m3_core,SharedRepresentation.prune,m3/m3_core.py,1480
m3.m3_core,SharedRepresentation.grow,m3/m3_core.py,1501
m3.m3_core,SharedRepresentation._register_default_specs,m3/m3_core.py,1529
m3.m3_core,SharedRepresentation.register_spec,m3/m3_core.py,1563
m3.m3_core,SharedRepresentation.unregister_spec,m3/m3_core.py,1570
m3.m3_core,SharedRepresentation.compute_total_produced_dim,m3/m3_core.py,1580
m3.m3_core,SharedRepresentation.measure_complexity,m3/m3_core.py,1588
m3.m3_core,SharedRepresentation.should_grow,m3/m3_core.py,1630
m3.m3_core,SharedRepresentation.adaptive_grow,m3/m3_core.py,1671
m3.m3_core,MetaFeatureController.__init__,m3/m3_core.py,1732
m3.m3_core,MetaFeatureController.decide,m3/m3_core.py,1753
m3.m3_core,MetaFeatureController.observe,m3/m3_core.py,1797
m3.m3_core,MetaFeatureController._pick_width,m3/m3_core.py,1815
m3.m3_core,MetaFeatureController.autosize_step,m3/m3_core.py,1823
m3.m3_core,GrowthTrigger.__init__,m3/m3_core.py,1848
m3.m3_core,GrowthTrigger.decide,m3/m3_core.py,1855
m3.m3_core,GrowthTrigger.observe,m3/m3_core.py,1873
m3.m3_core,SelfDynamicsModel.__init__,m3/m3_core.py,1886
m3.m3_core,SelfDynamicsModel._update_stats,m3/m3_core.py,1919
m3.m3_core,SelfDynamicsModel.forward,m3/m3_core.py,1941
m3.m3_core,SelfDynamicsModel.train_batch,m3/m3_core.py,1967
m3.m3_core,SelfDynamicsModel.save,m3/m3_core.py,2008
m3.m3_core,SelfDynamicsModel.resize,m3/m3_core.py,2011
m3.m3_core,SelfDynamicsModel.load,m3/m3_core.py,2053
m3.m3_core,SelfDynamicsModel.sample,m3/m3_core.py,2061
m3.m3_core,SelfDynamicsModel.update,m3/m3_core.py,2065
m3.m3_core,SelfDynamicsModel.record,m3/m3_core.py,2071
m3.m3_core,SelfDynamicsModel.end_batch,m3/m3_core.py,2074
m3.m3_core,SimpleBanditEnv.__init__,m3/m3_core.py,2083
m3.m3_core,SimpleBanditEnv.reset,m3/m3_core.py,2086
m3.m3_core,SimpleBanditEnv.step,m3/m3_core.py,2089
m3.m3_core,IITPhiCalculator.__init__,m3/m3_core.py,2098
m3.m3_core,IITPhiCalculator._repertoire_entropy,m3/m3_core.py,2127
m3.m3_core,IITPhiCalculator._compute_joint_entropy,m3/m3_core.py,2130
m3.m3_core,IITPhiCalculator._compute_integrated_information,m3/m3_core.py,2133
m3.m3_core,IITPhiCalculator._compute_partitioned_information,m3/m3_core.py,2136
m3.m3_core,IITPhiCalculator._compute_partition_loss,m3/m3_core.py,2139
m3.m3_core,IITPhiCalculator._normalize_phi,m3/m3_core.py,2142
m3.m3_core,IITPhiCalculator.update_state,m3/m3_core.py,2147
m3.m3_core,IITPhiCalculator._check_structural_health,m3/m3_core.py,2167
m3.m3_core,IITPhiCalculator.compute_phi,m3/m3_core.py,2173
m3.m3_core,IITPhiCalculator._broadcast_phi_update,m3/m3_core.py,2218
m3.m3_core,IITPhiCalculator._state_to_index,m3/m3_core.py,2246
m3.m3_core,IITPhiCalculator._effect_from_ces,m3/m3_core.py,2266
m3.m3_core,IITPhiCalculator._cause_into_ces,m3/m3_core.py,2272
m3.m3_core,IITPhiCalculator.compute_mics,m3/m3_core.py,2298
m3.m3_core,IITPhiCalculator._compute_phi_simple,m3/m3_core.py,2389
m3.m3_core,IITPhiCalculator._compute_phi_full,m3/m3_core.py,2441
m3.m3_core,IITPhiCalculator._compute_phi_full_exhaustive,m3/m3_core.py,2453
m3.m3_core,_WalLog.__init__,m3/m3_core.py,2483
m3.m3_core,_WalLog.append,m3/m3_core.py,2494
m3.m3_core,_WalLog.bytes,m3/m3_core.py,2506
m3.m3_core,_WalLog.cut_and_aggregate_sorted,m3/m3_core.py,2509
m3.m3_core,_CmsSketch.__init__,m3/m3_core.py,2536
m3.m3_core,_CmsSketch._init_hash_salts,m3/m3_core.py,2548
m3.m3_core,_CmsSketch.set_seed,m3/m3_core.py,2555
m3.m3_core,_CmsSketch._hashes,m3/m3_core.py,2559
m3.m3_core,_CmsSketch.estimate,m3/m3_core.py,2577
m3.m3_core,_CmsSketch.add,m3/m3_core.py,2582
m3.m3_core,_CmsSketch.scale_down_half,m3/m3_core.py,2597
m3.m3_core,_CmsSketch.maybe_rehash,m3/m3_core.py,2600
m3.m3_core,_TopKIndex.__init__,m3/m3_core.py,2609
m3.m3_core,_TopKIndex._target_k,m3/m3_core.py,2614
m3.m3_core,_TopKIndex._ensure_row,m3/m3_core.py,2618
m3.m3_core,_TopKIndex._rebuild_heap,m3/m3_core.py,2623
m3.m3_core,_TopKIndex.inc,m3/m3_core.py,2638
m3.m3_core,_TopKIndex.maybe_promote,m3/m3_core.py,2645
m3.m3_core,_TopKIndex.items,m3/m3_core.py,2676
m3.m3_core,_TopKIndex.scale_down_half,m3/m3_core.py,2683
m3.m3_core,_CsrStore.__init__,m3/m3_core.py,2707
m3.m3_core,_CsrStore.get,m3/m3_core.py,2710
m3.m3_core,_CsrStore.items,m3/m3_core.py,2721
m3.m3_core,_CsrStore.merge_delta_from_sorted_arrays,m3/m3_core.py,2727
m3.m3_core,_CsrStore.scale_down_half,m3/m3_core.py,2775
m3.m3_core,_RowCache.__init__,m3/m3_core.py,2788
m3.m3_core,_RowCache.get,m3/m3_core.py,2792
m3.m3_core,_RowCache.put,m3/m3_core.py,2799
m3.m3_core,_RowCache.invalidate,m3/m3_core.py,2806
m3.m3_core,_RowCache.clear,m3/m3_core.py,2810
m3.m3_core,CauseEffectStructure.__init__,m3/m3_core.py,2829
m3.m3_core,CauseEffectStructure.add,m3/m3_core.py,2844
m3.m3_core,CauseEffectStructure.get,m3/m3_core.py,2884
m3.m3_core,CauseEffectStructure.topk_items,m3/m3_core.py,2893
m3.m3_core,CauseEffectStructure.iter_row,m3/m3_core.py,2900
m3.m3_core,CauseEffectStructure.rowsum,m3/m3_core.py,2926
m3.m3_core,CauseEffectStructure.prob,m3/m3_core.py,2930
m3.m3_core,CauseEffectStructure.compact,m3/m3_core.py,2940
m3.m3_core,CauseEffectStructure.decay,m3/m3_core.py,2949
m3.m3_core,CauseEffectStructure.set_seed,m3/m3_core.py,2964
m3.m3_core,CauseEffectStructure._normalize_phi,m3/m3_core.py,2969
m3.m3_core,CauseEffectStructure._compute_phi_cutset_sampling,m3/m3_core.py,2975
m3.m3_core,CauseEffectStructure._find_connected_component,m3/m3_core.py,3005
m3.m3_core,CauseEffectStructure._compute_phi_community_cluster,m3/m3_core.py,3008
m3.m3_core,CauseEffectStructure._detect_communities_greedy,m3/m3_core.py,3049
m3.m3_core,CauseEffectStructure._modularity_gain,m3/m3_core.py,3052
m3.m3_core,CauseEffectStructure._inter_community_strength,m3/m3_core.py,3055
m3.m3_core,CauseEffectStructure._compute_integrated_information,m3/m3_core.py,3058
m3.m3_core,CauseEffectStructure._compute_partitioned_information,m3/m3_core.py,3108
m3.m3_core,CauseEffectStructure._compute_partition_loss,m3/m3_core.py,3127
m3.m3_core,CauseEffectStructure._repertoire_entropy,m3/m3_core.py,3134
m3.m3_core,CauseEffectStructure._compute_joint_entropy,m3/m3_core.py,3164
m3.m3_core,CauseEffectStructure.get_phi_trend,m3/m3_core.py,3249
m3.m3_core,CauseEffectStructure.get_consciousness_level,m3/m3_core.py,3261
m3.m3_core,EvolutionVisualizer.__init__,m3/m3_core.py,3281
m3.m3_core,EvolutionVisualizer.update,m3/m3_core.py,3307
m3.m3_core,EvolutionVisualizer._update_neural_map,m3/m3_core.py,3412
m3.m3_core,EvolutionVisualizer.add_major_event,m3/m3_core.py,3443
m3.m3_core,EvolutionVisualizer.render_brain_growth,m3/m3_core.py,3446
m3.m3_core,EvolutionVisualizer.render_network_growth,m3/m3_core.py,3501
m3.m3_core,EvolutionVisualizer.render_full_display,m3/m3_core.py,3549
m3.m3_core,EvolutionVisualizer._make_bar,m3/m3_core.py,3582
m3.m3_core,EvolutionVisualizer.get_scope_image,m3/m3_core.py,3586
m3.m3_core,EvolutionVisualizer.get_ascii,m3/m3_core.py,3618
m3.m3_core,ConceptualSpace.__init__,m3/m3_core.py,3640
m3.m3_core,ConceptualSpace._initialize_basic_dimensions,m3/m3_core.py,3653
m3.m3_core,ConceptualSpace.add_experience,m3/m3_core.py,3672
m3.m3_core,ConceptualSpace._discover_new_prototypes,m3/m3_core.py,3694
m3.m3_core,ConceptualSpace.ground_experience,m3/m3_core.py,3735
m3.m3_core,ConceptualSpace._generate_meaning,m3/m3_core.py,3755
m3.m3_core,Event.__lt__,m3/m3_core.py,3791
m3.m3_core,GrowingSOM._adaptive_sigma,m3/m3_core.py,3795
m3.m3_core,GrowingSOM._neighborhood_function,m3/m3_core.py,3802
m3.m3_core,GrowingSOM.__init__,m3/m3_core.py,3807
m3.m3_core,GrowingSOM.update,m3/m3_core.py,3857
m3.m3_core,GrowingSOM.sigma_decay,m3/m3_core.py,3914
m3.m3_core,GrowingSOM.find_bmu,m3/m3_core.py,3921
m3.m3_core,GrowingSOM.learn,m3/m3_core.py,3933
m3.m3_core,GrowingSOM._should_grow,m3/m3_core.py,3974
m3.m3_core,GrowingSOM._grow_neuron_intelligent,m3/m3_core.py,3992
m3.m3_core,GrowingSOM._evaluate_growth_position,m3/m3_core.py,4028
m3.m3_core,GrowingSOM._create_intelligent_connections,m3/m3_core.py,4039
m3.m3_core,GrowingSOM._update_connections,m3/m3_core.py,4051
m3.m3_core,GrowingSOM._prune_weak_connections,m3/m3_core.py,4060
m3.m3_core,GrowingSOM.get_statistics,m3/m3_core.py,4071
m3.m3_core,GrowingSOM.get_network_state,m3/m3_core.py,4089
m3.m3_core,GrowingSOM.get_topology_health,m3/m3_core.py,4096
m3.m3_core,GrowingSOM._learning_gate,m3/m3_core.py,4109
m3.m3_core,QualiaState.__init__,m3/m3_core.py,4141
m3.m3_core,QualiaState.compute,m3/m3_core.py,4167
m3.m3_core,QualiaState._process_incoming_messages,m3/m3_core.py,4203
m3.m3_core,QualiaState._broadcast_qualia_state,m3/m3_core.py,4225
m3.m3_core,QualiaState.dominant_feeling,m3/m3_core.py,4245
m3.m3_core,QualiaState.to_dict,m3/m3_core.py,4249
m3.m3_core,ConsciousContent.__lt__,m3/m3_core.py,4260
m3.m3_core,GlobalWorkspace.__init__,m3/m3_core.py,4264
m3.m3_core,GlobalWorkspace._write_policy_param,m3/m3_core.py,4325
m3.m3_core,GlobalWorkspace.get_policy_param_shadow_writes,m3/m3_core.py,4362
m3.m3_core,GlobalWorkspace._offline_tune_policy,m3/m3_core.py,4373
m3.m3_core,GlobalWorkspace.apply_system_health,m3/m3_core.py,4423
m3.m3_core,GlobalWorkspace._process_incoming_messages,m3/m3_core.py,4512
m3.m3_core,GlobalWorkspace._send_focus_to_policy,m3/m3_core.py,4567
m3.m3_core,GlobalWorkspace._broadcast_workspace_state,m3/m3_core.py,4585
m3.m3_core,GlobalWorkspace.submit_for_competition,m3/m3_core.py,4618
m3.m3_core,GlobalWorkspace._try_integrate_content,m3/m3_core.py,4627
m3.m3_core,GlobalWorkspace._calculate_semantic_similarity,m3/m3_core.py,4639
m3.m3_core,GlobalWorkspace._adjust_salience_contextually,m3/m3_core.py,4658
m3.m3_core,GlobalWorkspace._adjust_salience_with_exploration,m3/m3_core.py,4679
m3.m3_core,GlobalWorkspace._record_association,m3/m3_core.py,4707
m3.m3_core,GlobalWorkspace._update_semantic_clusters,m3/m3_core.py,4717
m3.m3_core,GlobalWorkspace.compete_for_consciousness,m3/m3_core.py,4731
m3.m3_core,GlobalWorkspace._explore_b_selection,m3/m3_core.py,4834
m3.m3_core,GlobalWorkspace._calculate_exploration_diversity,m3/m3_core.py,4867
m3.m3_core,GlobalWorkspace._conservative_selection_enhanced,m3/m3_core.py,4881
m3.m3_core,GlobalWorkspace._update_attention_explore_b,m3/m3_core.py,4908
m3.m3_core,GlobalWorkspace._exploratory_selection,m3/m3_core.py,4939
m3.m3_core,GlobalWorkspace._conservative_selection,m3/m3_core.py,4966
m3.m3_core,GlobalWorkspace._calculate_diversity_score,m3/m3_core.py,4994
m3.m3_core,GlobalWorkspace._update_attention_dynamically,m3/m3_core.py,5004
m3.m3_core,GlobalWorkspace._select_cluster_representatives,m3/m3_core.py,5025
m3.m3_core,GlobalWorkspace._balanced_selection,m3/m3_core.py,5047
m3.m3_core,GlobalWorkspace._manage_attention_focus,m3/m3_core.py,5071
m3.m3_core,GlobalWorkspace.broadcast,m3/m3_core.py,5097
m3.m3_core,GlobalWorkspace._extract_safe_content_attrs,m3/m3_core.py,5128
m3.m3_core,GlobalWorkspace._get_current_timestamp,m3/m3_core.py,5131
m3.m3_core,GlobalWorkspace._calculate_age,m3/m3_core.py,5134
m3.m3_core,GlobalWorkspace._measure_performance,m3/m3_core.py,5141
m3.m3_core,GlobalWorkspace._create_safe_focus_description,m3/m3_core.py,5152
m3.m3_core,GlobalWorkspace._create_safe_content_descriptions,m3/m3_core.py,5158
m3.m3_core,GlobalWorkspace._calculate_safe_workspace_metrics,m3/m3_core.py,5166
m3.m3_core,GlobalWorkspace._calculate_current_diversity,m3/m3_core.py,5189
m3.m3_core,GlobalWorkspace._calculate_current_novelty,m3/m3_core.py,5196
m3.m3_core,GlobalWorkspace._calculate_focus_stability,m3/m3_core.py,5205
m3.m3_core,GlobalWorkspace._calculate_success_rate,m3/m3_core.py,5217
m3.m3_core,GlobalWorkspace._generate_safe_predictions,m3/m3_core.py,5224
m3.m3_core,GlobalWorkspace._generate_predictions,m3/m3_core.py,5243
m3.m3_core,GlobalWorkspace._create_focus_description,m3/m3_core.py,5263
m3.m3_core,GlobalWorkspace._create_content_descriptions,m3/m3_core.py,5272
m3.m3_core,GlobalWorkspace._find_content_cluster,m3/m3_core.py,5284
m3.m3_core,GlobalWorkspace._calculate_workspace_metrics,m3/m3_core.py,5297
m3.m3_core,GlobalWorkspace._calculate_content_diversity,m3/m3_core.py,5301
m3.m3_core,GlobalWorkspace._calculate_content_stability,m3/m3_core.py,5314
m3.m3_core,GlobalWorkspace._create_attention_context,m3/m3_core.py,5326
m3.m3_core,GlobalWorkspace._count_recent_switches,m3/m3_core.py,5329
m3.m3_core,GlobalWorkspace._calculate_focus_coherence,m3/m3_core.py,5339
m3.m3_core,GlobalWorkspace._calculate_performance_trend,m3/m3_core.py,5349
m3.m3_core,GlobalWorkspace.detect_errors_from_broadcast,m3/m3_core.py,5363
m3.m3_core,GlobalWorkspace.update_policy_from_errors,m3/m3_core.py,5401
m3.m3_core,GlobalWorkspace._calculate_performance_bonus,m3/m3_core.py,5448
m3.m3_core,GlobalWorkspace._count_consecutive_failures,m3/m3_core.py,5455
m3.m3_core,GlobalWorkspace._reinforce_current_policy,m3/m3_core.py,5464
m3.m3_core,GlobalWorkspace._calculate_adaptive_learning_rate,m3/m3_core.py,5471
m3.m3_core,GlobalWorkspace._update_param_with_momentum,m3/m3_core.py,5490
m3.m3_core,GlobalWorkspace._evaluate_policy_effectiveness,m3/m3_core.py,5500
m3.m3_core,GlobalWorkspace.get_policy_recommendations,m3/m3_core.py,5519
m3.m3_core,GlobalWorkspace._generate_immediate_recommendations,m3/m3_core.py,5535
m3.m3_core,GlobalWorkspace._generate_strategic_recommendations,m3/m3_core.py,5556
m3.m3_core,GlobalWorkspace._generate_risk_mitigation_recommendations,m3/m3_core.py,5570
m3.m3_core,GlobalWorkspace._generate_optimization_recommendations,m3/m3_core.py,5582
m3.m3_core,GlobalWorkspace._generate_meta_learning_insights,m3/m3_core.py,5596
m3.m3_core,GlobalWorkspace._prioritize_recommendations,m3/m3_core.py,5610
m3.m3_core,GlobalWorkspace._get_error_specific_adjustments,m3/m3_core.py,5630
m3.m3_core,GlobalWorkspace._calculate_policy_diversity,m3/m3_core.py,5634
m3.m3_core,GlobalWorkspace._analyze_optimal_policy_patterns,m3/m3_core.py,5651
m3.m3_core,GlobalWorkspace._suggest_meta_parameter_optimization,m3/m3_core.py,5667
m3.m3_core,GlobalWorkspace._analyze_learning_rate_effectiveness,m3/m3_core.py,5684
m3.m3_core,GlobalWorkspace._analyze_error_patterns,m3/m3_core.py,5703
m3.m3_core,GlobalWorkspace._extract_actionable_insights,m3/m3_core.py,5720
m3.m3_core,GlobalWorkspace._analyze_parameter_interactions,m3/m3_core.py,5732
m3.m3_core,GlobalWorkspace.get_conscious_summary,m3/m3_core.py,5753
m3.m3_core,GlobalWorkspace.get_policy_status,m3/m3_core.py,5771
m3.m3_core,GlobalWorkspace.metrics_window,m3/m3_core.py,5774
m3.m3_core,Goal.evaluate_achievement,m3/m3_core.py,5827
m3.m3_core,GoalGenerator.__init__,m3/m3_core.py,5852
m3.m3_core,GoalGenerator.update_qualia_statistics,m3/m3_core.py,5863
m3.m3_core,GoalGenerator.compute_goal_urgency,m3/m3_core.py,5871
m3.m3_core,GoalGenerator.generate_goal,m3/m3_core.py,5900
m3.m3_core,GoalGenerator.derive_meta_goal,m3/m3_core.py,5918
m3.m3_core,GoalGenerator.discover_goal_from_pattern,m3/m3_core.py,5927
m3.m3_core,GoalGenerator.compose_hierarchical_goal,m3/m3_core.py,5982
m3.m3_core,GoalGenerator.evaluate_discovered_goal,m3/m3_core.py,6003
m3.m3_core,MetaCognitiveNetwork.__init__,m3/m3_core.py,6039
m3.m3_core,MetaCognitiveNetwork.forward,m3/m3_core.py,6062
m3.m3_core,MetaCognitiveNetwork.learn,m3/m3_core.py,6077
m3.m3_core,RecursiveSelfModel.__init__,m3/m3_core.py,6236
m3.m3_core,RecursiveSelfModel.introspect,m3/m3_core.py,6271
m3.m3_core,RecursiveSelfModel._verbalize_level1,m3/m3_core.py,6359
m3.m3_core,RecursiveSelfModel._verbalize_level2,m3/m3_core.py,6367
m3.m3_core,RecursiveSelfModel._verbalize_level3,m3/m3_core.py,6376
m3.m3_core,RecursiveSelfModel._verbalize_level4,m3/m3_core.py,6382
m3.m3_core,RecursiveSelfModel._verbalize_level5,m3/m3_core.py,6385
m3.m3_core,RecursiveSelfModel._verbalize_level6,m3/m3_core.py,6388
m3.m3_core,RecursiveSelfModel._verbalize_level7,m3/m3_core.py,6391
m3.m3_core,RecursiveSelfModel._detect_strange_loop,m3/m3_core.py,6394
m3.m3_core,RecursiveSelfModel.update_meta_awareness,m3/m3_core.py,6407
m3.m3_core,RecursiveSelfModel.downward_causation,m3/m3_core.py,6486
m3.m3_core,RecursiveSelfModel.predict_next_state,m3/m3_core.py,6516
m3.m3_core,RecursiveSelfModel.evaluate_prediction,m3/m3_core.py,6529
m3.m3_core,RecursiveSelfModel.update_beliefs,m3/m3_core.py,6540
m3.m3_core,RecursiveSelfModel._neural_update_beliefs,m3/m3_core.py,6547
m3.m3_core,RecursiveSelfModel._do_meta_learning,m3/m3_core.py,6633
m3.m3_core,RecursiveSelfModel._heuristic_update_beliefs,m3/m3_core.py,6667
m3.m3_core,RecursiveSelfModel._update_meta_confidence,m3/m3_core.py,6694
m3.m3_core,RecursiveSelfModel.revise_self_model,m3/m3_core.py,6708
m3.m3_core,RecursiveSelfModel.revise_self_model_level2,m3/m3_core.py,6772
m3.m3_core,RecursiveSelfModel.revise_self_model_level3,m3/m3_core.py,6801
m3.m3_core,RecursiveSelfModel.revise_self_model_level4_emergency,m3/m3_core.py,6831
m3.m3_core,RecursiveSelfModel.log_state,m3/m3_core.py,6859
m3.m3_core,RecursiveSelfModel.to_dict,m3/m3_core.py,6862
m3.m3_core,RecursiveSelfModel.detect_capability_gaps,m3/m3_core.py,6867
m3.m3_core,RecursiveSelfModel.generate_self_improvement_hypothesis,m3/m3_core.py,6924
m3.m3_core,RecursiveSelfModel.test_hypothesis,m3/m3_core.py,6981
m3.m3_core,RecursiveSelfModel._save_state,m3/m3_core.py,7061
m3.m3_core,RecursiveSelfModel._restore_state,m3/m3_core.py,7073
m3.m3_core,RecursiveSelfModel._apply_hypothesis_action,m3/m3_core.py,7083
m3.m3_core,RecursiveSelfModel.compose_skills,m3/m3_core.py,7104
m3.m3_core,RecursiveSelfModel.register_skill,m3/m3_core.py,7116
m3.m3_core,RecursiveSelfModel.discover_skill_composition,m3/m3_core.py,7121
m3.m3_core,RecursiveSelfModel._evaluate_skill_composition,m3/m3_core.py,7142
m3.m3_core,RecursiveSelfModel.autonomous_expansion_step,m3/m3_core.py,7147
m3.m3_core,EpisodicMemory.__init__,m3/m3_core.py,7203
m3.m3_core,EpisodicMemory.encode_experience,m3/m3_core.py,7223
m3.m3_core,EpisodicMemory.retrieve_by_time,m3/m3_core.py,7278
m3.m3_core,EpisodicMemory.retrieve_by_semantic,m3/m3_core.py,7291
m3.m3_core,EpisodicMemory.retrieve_by_emotion,m3/m3_core.py,7301
m3.m3_core,EpisodicMemory.retrieve_similar_qualia,m3/m3_core.py,7313
m3.m3_core,EpisodicMemory.consolidate,m3/m3_core.py,7326
m3.m3_core,EpisodicMemory.construct_narrative,m3/m3_core.py,7336
m3.m3_core,EpisodicMemory._prune_memories,m3/m3_core.py,7349
m3.m3_core,EpisodicMemory._rebuild_indices,m3/m3_core.py,7370
m3.m3_core,EpisodicMemory.get_statistics,m3/m3_core.py,7386
m3.m3_core,EpisodicMemory.save,m3/m3_core.py,7390
m3.m3_core,EpisodicMemory.load,m3/m3_core.py,7421
m3.m3_core,StructuralVersion.compute_diff,m3/m3_core.py,7534
m3.m3_core,ErrorProfile.total_errors,m3/m3_core.py,7546
m3.m3_core,ErrorProfile.add_error,m3/m3_core.py,7549
m3.m3_core,ErrorProfile.dominant_pattern,m3/m3_core.py,7562
m3.m3_core,StructuralOperatorEngine.__init__,m3/m3_core.py,7568
m3.m3_core,StructuralOperatorEngine._generate_version_id,m3/m3_core.py,7574
m3.m3_core,StructuralOperatorEngine.analyze_error_profile,m3/m3_core.py,7579
m3.m3_core,StructuralOperatorEngine.select_operator_sequence,m3/m3_core.py,7601
m3.m3_core,StructuralOperatorEngine.apply_operator,m3/m3_core.py,7608
m3.m3_core,StructuralOperatorEngine._op_dim_increase,m3/m3_core.py,7634
m3.m3_core,StructuralOperatorEngine._op_dim_decrease,m3/m3_core.py,7645
m3.m3_core,StructuralOperatorEngine._op_sparsify,m3/m3_core.py,7656
m3.m3_core,StructuralOperatorEngine._op_densify,m3/m3_core.py,7667
m3.m3_core,StructuralOperatorEngine._op_project,m3/m3_core.py,7676
m3.m3_core,StructuralOperatorEngine._op_compose,m3/m3_core.py,7690
m3.m3_core,StructuralOperatorEngine._op_relink,m3/m3_core.py,7735
m3.m3_core,StructuralOperatorEngine._op_prune,m3/m3_core.py,7745
m3.m3_core,StructuralOperatorEngine.rollback,m3/m3_core.py,7754
m3.m3_core,StructuralOperatorEngine.get_current_structure,m3/m3_core.py,7764
m3.m3_core,AutonomousExperimentDesigner.__init__,m3/m3_core.py,7785
m3.m3_core,AutonomousExperimentDesigner.generate_hypothesis,m3/m3_core.py,7807
m3.m3_core,AutonomousExperimentDesigner.design_experiment,m3/m3_core.py,7816
m3.m3_core,AutonomousExperimentDesigner.execute_experiment,m3/m3_core.py,7846
m3.m3_core,AutonomousExperimentDesigner._statistical_analysis,m3/m3_core.py,7882
m3.m3_core,AutonomousExperimentDesigner._bootstrap_test,m3/m3_core.py,7918
m3.m3_core,AutonomousExperimentDesigner._bootstrap_ci,m3/m3_core.py,7932
m3.m3_core,AutonomousExperimentDesigner.evaluate_hypothesis,m3/m3_core.py,7942
m3.m3_core,AutonomousExperimentDesigner.apply_if_accepted,m3/m3_core.py,7996
m3.m3_core,AutonomousExperimentDesigner.generate_self_hypothesis,m3/m3_core.py,8013
m3.m3_core,SubGoal.is_completed,m3/m3_core.py,8081
m3.m3_core,SubGoal.should_evaluate,m3/m3_core.py,8094
m3.m3_core,LongTermGoal.update_progress,m3/m3_core.py,8121
m3.m3_core,LongTermGoal.should_redefine,m3/m3_core.py,8143
m3.m3_core,LongTermGoal.should_switch_to_exploration,m3/m3_core.py,8157
m3.m3_core,LongTermGoal.is_completed,m3/m3_core.py,8170
m3.m3_core,LongTermPlanner.__init__,m3/m3_core.py,8191
m3.m3_core,LongTermPlanner.create_goal,m3/m3_core.py,8203
m3.m3_core,LongTermPlanner.decompose_goal,m3/m3_core.py,8210
m3.m3_core,LongTermPlanner._schedule_actions,m3/m3_core.py,8233
m3.m3_core,LongTermPlanner.execute_plan,m3/m3_core.py,8251
m3.m3_core,LongTermPlanner._evaluate_subgoal,m3/m3_core.py,8285
m3.m3_core,LongTermPlanner._generate_recommendations,m3/m3_core.py,8308
m3.m3_core,LongTermPlanner._check_termination,m3/m3_core.py,8320
m3.m3_core,LongTermPlanner.handle_termination,m3/m3_core.py,8345
m3.m3_core,LongTermPlanner._redefine_goal,m3/m3_core.py,8371
m3.m3_core,LongTermPlanner._switch_mode,m3/m3_core.py,8386
m3.m3_core,LongTermPlanner.get_status_report,m3/m3_core.py,8406
m3.m3_core,Budget.available,m3/m3_core.py,8427
m3.m3_core,Budget.reserve,m3/m3_core.py,8430
m3.m3_core,Budget.consume,m3/m3_core.py,8436
m3.m3_core,Budget.release,m3/m3_core.py,8446
m3.m3_core,Budget.utilization,m3/m3_core.py,8449
m3.m3_core,RewardSignal.is_positive,m3/m3_core.py,8459
m3.m3_core,GlobalRewardBudgetScheduler.__init__,m3/m3_core.py,8471
m3.m3_core,GlobalRewardBudgetScheduler.receive_reward,m3/m3_core.py,8488
m3.m3_core,GlobalRewardBudgetScheduler._update_roi,m3/m3_core.py,8502
m3.m3_core,GlobalRewardBudgetScheduler.request_budget,m3/m3_core.py,8511
m3.m3_core,GlobalRewardBudgetScheduler._try_defer_low_priority_tasks,m3/m3_core.py,8536
m3.m3_core,GlobalRewardBudgetScheduler.consume_budget,m3/m3_core.py,8549
m3.m3_core,GlobalRewardBudgetScheduler.get_priority_recommendation,m3/m3_core.py,8570
m3.m3_core,GlobalRewardBudgetScheduler.reallocate_budgets,m3/m3_core.py,8580
m3.m3_core,GlobalRewardBudgetScheduler.get_status,m3/m3_core.py,8606
m3.m3_core,GlobalRewardBudgetScheduler.reset_budget,m3/m3_core.py,8609
m3.m3_core,GlobalRewardBudgetScheduler.allocate_budget,m3/m3_core.py,8615
m3.m3_core,UnifiedSubject.__init__,m3/m3_core.py,8637
m3.m3_core,UnifiedSubject.experience,m3/m3_core.py,8645
m3.m3_core,UnifiedSubject._compute_phenomenal_character,m3/m3_core.py,8651
m3.m3_core,UnifiedSubject._update_identity,m3/m3_core.py,8656
m3.m3_core,UnifiedSubject.reflect_on_self,m3/m3_core.py,8670
m3.m3_core,UnifiedSubject.bind_experience,m3/m3_core.py,8687
m3.m3_core,UnifiedSubject._create_gestalt,m3/m3_core.py,8694
m3.m3_core,UnifiedSubject._check_unity,m3/m3_core.py,8730
m3.m3_core,MetaMetaMonitor.__init__,m3/m3_core.py,8763
m3.m3_core,MetaMetaMonitor.evaluate_model_quality,m3/m3_core.py,8776
m3.m3_core,MetaMetaMonitor.record_revision_outcome,m3/m3_core.py,8850
m3.m3_core,MetaMetaMonitor.get_revision_policy_status,m3/m3_core.py,8863
m3.m3_core,EnergyBasedController.__init__,m3/m3_core.py,8874
m3.m3_core,EnergyBasedController.update_internal_statistics,m3/m3_core.py,8933
m3.m3_core,EnergyBasedController.compute_qualia_pressure,m3/m3_core.py,8945
m3.m3_core,EnergyBasedController.compute_self_model_drive,m3/m3_core.py,8964
m3.m3_core,EnergyBasedController.update_activation,m3/m3_core.py,9015
m3.m3_core,EnergyBasedController.compute_cognitive_cost,m3/m3_core.py,9075
m3.m3_core,EnergyBasedController.update_energy,m3/m3_core.py,9084
m3.m3_core,EnergyBasedController._broadcast_energy_state,m3/m3_core.py,9165
m3.m3_core,EnergyBasedController.should_continue,m3/m3_core.py,9188
m3.m3_core,HebbianTrace.__init__,m3/m3_core.py,9214
m3.m3_core,HebbianTrace.update,m3/m3_core.py,9219
m3.m3_core,HebbianTrace.read,m3/m3_core.py,9230
m3.m3_core,HebbianTrace.decay_step,m3/m3_core.py,9233
m3.m3_core,RunningBaseline.__init__,m3/m3_core.py,9238
m3.m3_core,RunningBaseline.update,m3/m3_core.py,9243
m3.m3_core,RunningBaseline.get,m3/m3_core.py,9251
m3.m3_core,MetaController.__init__,m3/m3_core.py,9265
m3.m3_core,MetaController.decide,m3/m3_core.py,9304
m3.m3_core,MetaController.observe,m3/m3_core.py,9331
m3.m3_core,MetaController.save,m3/m3_core.py,9391
m3.m3_core,MetaController.load,m3/m3_core.py,9398
m3.m3_core,MetaController.snapshot,m3/m3_core.py,9428
m3.m3_core,ConsciousnessBus.__init__,m3/m3_core.py,9443
m3.m3_core,ConsciousnessBus.push,m3/m3_core.py,9454
m3.m3_core,ConsciousnessBus.step,m3/m3_core.py,9472
m3.m3_core,ConsciousnessBus.top,m3/m3_core.py,9480
m3.m3_core,ConsciousnessBus.top_keys,m3/m3_core.py,9483
m3.m3_core,AutoNamer.__init__,m3/m3_core.py,9493
m3.m3_core,AutoNamer._slug,m3/m3_core.py,9497
m3.m3_core,AutoNamer._hash,m3/m3_core.py,9507
m3.m3_core,AutoNamer.spec_name,m3/m3_core.py,9515
m3.m3_core,AutoNamer.token_name_policy,m3/m3_core.py,9532
m3.m3_core,_m3_torch_device,m3/m3_core.py,9567
m3.m3_core,M3ConsciousnessCore.__init__,m3/m3_core.py,9753
m3.m3_core,M3ConsciousnessCore._get_current_world_state,m3/m3_core.py,10147
m3.m3_core,M3ConsciousnessCore._collect_affect_state_for_llm,m3/m3_core.py,10211
m3.m3_core,M3ConsciousnessCore._collect_llm_memory,m3/m3_core.py,10224
m3.m3_core,M3ConsciousnessCore._build_llm_prompt,m3/m3_core.py,10251
m3.m3_core,M3ConsciousnessCore._postprocess_llm_response,m3/m3_core.py,10268
m3.m3_core,M3ConsciousnessCore._is_backend_or_error_response,m3/m3_core.py,10308
m3.m3_core,M3ConsciousnessCore._is_disallowed_llm_response,m3/m3_core.py,10340
m3.m3_core,M3ConsciousnessCore._verifier_tokens,m3/m3_core.py,10377
m3.m3_core,M3ConsciousnessCore._evaluate_dialog_accuracy,m3/m3_core.py,10389
m3.m3_core,M3ConsciousnessCore._apply_dialog_verifier_reward,m3/m3_core.py,10423
m3.m3_core,M3ConsciousnessCore._emit_llm_response,m3/m3_core.py,10453
m3.m3_core,M3ConsciousnessCore._memory_semantic_prefix,m3/m3_core.py,10488
m3.m3_core,M3ConsciousnessCore._semantic_text_for_embedding,m3/m3_core.py,10506
m3.m3_core,M3ConsciousnessCore._current_memory_qualia_vector,m3/m3_core.py,10509
m3.m3_core,M3ConsciousnessCore._current_memory_phi,m3/m3_core.py,10521
m3.m3_core,M3ConsciousnessCore._encode_semantic_memory_trace,m3/m3_core.py,10530
m3.m3_core,M3ConsciousnessCore._record_dialog_trace,m3/m3_core.py,10564
m3.m3_core,M3ConsciousnessCore._llm_fallback_text,m3/m3_core.py,10586
m3.m3_core,M3ConsciousnessCore.handle_user_message,m3/m3_core.py,10603
m3.m3_core,M3ConsciousnessCore._generate_utterance,m3/m3_core.py,10636
m3.m3_core,M3ConsciousnessCore._save_checkpoint,m3/m3_core.py,10649
m3.m3_core,M3ConsciousnessCore._load_checkpoint,m3/m3_core.py,10696
m3.m3_core,M3ConsciousnessCore._save_chat_history,m3/m3_core.py,10707
m3.m3_core,M3ConsciousnessCore._load_chat_history,m3/m3_core.py,10718
m3.m3_core,M3ConsciousnessCore.run_autonomous,m3/m3_core.py,10742
m3.m3_core,M3ConsciousnessCore._decide_action,m3/m3_core.py,11119
m3.m3_core,M3ConsciousnessCore.snapshot,m3/m3_core.py,11352
m3.m3_core,M3ConsciousnessCore.export_state_vector,m3/m3_core.py,11376
m3.m3_core,M3ConsciousnessCore._scheduler_update,m3/m3_core.py,11527
m3.m3_core,M3ConsciousnessCore._policy_obs,m3/m3_core.py,11572
m3.m3_core,M3ConsciousnessCore.extract_embedding,m3/m3_core.py,11604
m3.m3_core,M3ConsciousnessCore._torch_shared_z,m3/m3_core.py,11645
m3.m3_core,M3ConsciousnessCore._align_z_for_sdm,m3/m3_core.py,11664
m3.m3_core,M3ConsciousnessCore._cda_rollout_advantages,m3/m3_core.py,11676
m3.m3_core,M3ConsciousnessCore.grow_feature_bank,m3/m3_core.py,11728
m3.m3_core,M3ConsciousnessCore._action_vector,m3/m3_core.py,11879
m3.m3_core,M3ConsciousnessCore._plan_action_cem,m3/m3_core.py,11891
m3.m3_core,M3ConsciousnessCore._ab_test_rule,m3/m3_core.py,11954
m3.m3_core,M3ConsciousnessCore._policy_signals,m3/m3_core.py,12023
m3.m3_core,M3ConsciousnessCore._safe_eval_expr,m3/m3_core.py,12039
m3.m3_core,M3ConsciousnessCore._synthesize_policy_rule,m3/m3_core.py,12049
m3.m3_core,M3ConsciousnessCore._execute_action,m3/m3_core.py,12144
m3.m3_core,M3ConsciousnessCore._submit_to_workspace,m3/m3_core.py,12199
m3.m3_core,M3ConsciousnessCore._experience_qualia,m3/m3_core.py,12215
m3.m3_core,M3ConsciousnessCore._evaluate_action_outcome,m3/m3_core.py,12220
m3.m3_core,M3ConsciousnessCore._get_structure_snapshot,m3/m3_core.py,12267
m3.m3_core,M3ConsciousnessCore._apply_structure_snapshot,m3/m3_core.py,12281
m3.m3_core,M3ConsciousnessCore._evaluate_structure,m3/m3_core.py,12291
m3.m3_core,M3ConsciousnessCore._snapshot_feature_state,m3/m3_core.py,12328
m3.m3_core,M3ConsciousnessCore._restore_feature_state,m3/m3_core.py,12362
m3.m3_core,M3ConsciousnessCore._sandbox_evaluate_specs,m3/m3_core.py,12392
m3.m3_core,M3ConsciousnessCore.run_meta_proposal_cycle,m3/m3_core.py,12439
m3.m3_core,M3ConsciousnessCore.set_vision_folder,m3/m3_core.py,12527
m3.m3_core,M3ConsciousnessCore.set_vision_loop,m3/m3_core.py,12545
m3.m3_core,M3ConsciousnessCore.set_vision_shuffle,m3/m3_core.py,12552
m3.m3_core,M3ConsciousnessCore.set_vision_camera,m3/m3_core.py,12559
m3.m3_core,M3ConsciousnessCore.push_external_frame,m3/m3_core.py,12600
m3.m3_core,M3ConsciousnessCore.clear_vision_source,m3/m3_core.py,12604
m3.m3_core,M3ConsciousnessCore._reflect_and_learn,m3/m3_core.py,12618
m3.m3_core,M3ConsciousnessCore._make_bar,m3/m3_core.py,12810
m3.m3_core,M3ConsciousnessCore._should_terminate,m3/m3_core.py,12816
m3.m3_core,M3ConsciousnessCore._update_visualization,m3/m3_core.py,12819
m3.m3_core,M3ConsciousnessCore._scope_build_pred_err_map,m3/m3_core.py,12938
m3.m3_core,M3ConsciousnessCore._scope_compute_td_error,m3/m3_core.py,12979
m3.m3_core,M3ConsciousnessCore._scope_get_gw_ignition,m3/m3_core.py,12988
m3.m3_core,M3ConsciousnessCore._vision_resize_nn,m3/m3_core.py,12997
m3.m3_core,M3ConsciousnessCore._vision_build_retina,m3/m3_core.py,13007
m3.m3_core,M3ConsciousnessCore._vision_optical_flow,m3/m3_core.py,13108
m3.m3_core,M3ConsciousnessCore._vision_depth_from_flow,m3/m3_core.py,13120
m3.m3_core,M3ConsciousnessCore._vision_compute_error,m3/m3_core.py,13128
m3.m3_core,M3ConsciousnessCore._vision_features,m3/m3_core.py,13144
m3.m3_core,M3ConsciousnessCore.describe_current_vision,m3/m3_core.py,13159
m3.m3_core,M3ConsciousnessCore._mix_err_maps,m3/m3_core.py,13225
m3.m3_core,M3ConsciousnessCore.set_spatial_goal,m3/m3_core.py,13243
m3.m3_core,M3ConsciousnessCore.set_spatial_goal3d,m3/m3_core.py,13249
m3.m3_core,M3ConsciousnessCore._space_step_attention,m3/m3_core.py,13256
m3.m3_core,M3ConsciousnessCore._space_compose_image,m3/m3_core.py,13297
m3.m3_core,M3ConsciousnessCore._log_state,m3/m3_core.py,13352
m3.m3_core,M3ConsciousnessCore._print_summary,m3/m3_core.py,13461
m3.m3_core,M3ConsciousnessCore._flush_logs,m3/m3_core.py,13490
m3.m3_core,M3ConsciousnessCore._recent_policy_avg,m3/m3_core.py,13500
m3.m3_core,M3ConsciousnessCore._save_policy_snapshots,m3/m3_core.py,13510
m3.m3_core,M3ConsciousnessCore.policy_report,m3/m3_core.py,13535
m3.m3_core,M3ConsciousnessCore.solve_arc_dir,m3/m3_core.py,13562
m3.m3_core,M3ConsciousnessCore._arc_load_problem,m3/m3_core.py,13680
m3.m3_core,M3ConsciousnessCore._arc_cache_path,m3/m3_core.py,13692
m3.m3_core,M3ConsciousnessCore._arc_load_cache,m3/m3_core.py,13699
m3.m3_core,M3ConsciousnessCore._arc_save_cache,m3/m3_core.py,13708
m3.m3_core,M3ConsciousnessCore._arc_update_cache,m3/m3_core.py,13716
m3.m3_core,M3ConsciousnessCore._arc_compile_macros,m3/m3_core.py,13734
m3.m3_core,M3ConsciousnessCore._arc_rot90,m3/m3_core.py,13751
m3.m3_core,M3ConsciousnessCore._arc_rot180,m3/m3_core.py,13753
m3.m3_core,M3ConsciousnessCore._arc_rot270,m3/m3_core.py,13755
m3.m3_core,M3ConsciousnessCore._arc_flip_h,m3/m3_core.py,13757
m3.m3_core,M3ConsciousnessCore._arc_flip_v,m3/m3_core.py,13759
m3.m3_core,M3ConsciousnessCore._arc_transpose,m3/m3_core.py,13761
m3.m3_core,M3ConsciousnessCore._arc_identity,m3/m3_core.py,13763
m3.m3_core,M3ConsciousnessCore._arc_connected_components,m3/m3_core.py,13765
m3.m3_core,M3ConsciousnessCore._arc_bbox_of_largest_region,m3/m3_core.py,13787
m3.m3_core,M3ConsciousnessCore._arc_fill_bbox,m3/m3_core.py,13804
m3.m3_core,M3ConsciousnessCore._arc_mode_color,m3/m3_core.py,13810
m3.m3_core,M3ConsciousnessCore._arc_out_mode_from_train,m3/m3_core.py,13814
m3.m3_core,M3ConsciousnessCore._arc_keep_largest,m3/m3_core.py,13823
m3.m3_core,M3ConsciousnessCore._arc_crop_largest,m3/m3_core.py,13840
m3.m3_core,M3ConsciousnessCore._arc_move_largest_tl,m3/m3_core.py,13844
m3.m3_core,M3ConsciousnessCore._arc_center_largest,m3/m3_core.py,13855
m3.m3_core,M3ConsciousnessCore._arc_paint_largest_outmode,m3/m3_core.py,13868
m3.m3_core,M3ConsciousnessCore._arc_bbox_border_largest,m3/m3_core.py,13884
m3.m3_core,M3ConsciousnessCore._arc_palette_map_from_train,m3/m3_core.py,13895
m3.m3_core,M3ConsciousnessCore._arc_remap_hist,m3/m3_core.py,13911
m3.m3_core,M3ConsciousnessCore._introspect_internal_state,m3/m3_core.py,13928
m3.m3_core,M3ConsciousnessCore._research_m3_state_summary,m3/m3_core.py,13979
m3.m3_core,M3ConsciousnessCore._generate_research_plan,m3/m3_core.py,14017
m3.m3_core,M3ConsciousnessCore._creative_output_path,m3/m3_core.py,14026
m3.m3_core,M3ConsciousnessCore._append_creative_output,m3/m3_core.py,14040
m3.m3_core,M3ConsciousnessCore.run_autonomous_creation,m3/m3_core.py,14059
m3.m3_core,M3ConsciousnessCore._detect_research_needs_from_internal_dynamics,m3/m3_core.py,14124
m3.m3_core,M3ConsciousnessCore._formulate_research_question_from_need,m3/m3_core.py,14182
m3.m3_core,M3ConsciousnessCore._generate_cognitive_plan,m3/m3_core.py,14249
m3.m3_core,M3ConsciousnessCore._execute_cognitive_step,m3/m3_core.py,14293
m3.m3_core,M3ConsciousnessCore._conduct_investigation,m3/m3_core.py,14314
m3.m3_core,M3ConsciousnessCore._single_consciousness_step,m3/m3_core.py,14366
m3.m3_core,M3ConsciousnessCore._extract_variable_value,m3/m3_core.py,14398
m3.m3_core,M3ConsciousnessCore._inject_perturbation,m3/m3_core.py,14420
m3.m3_core,M3ConsciousnessCore.run_autonomous_research,m3/m3_core.py,14432
m3.m3_core,M3ConsciousnessCore._discover_datasets,m3/m3_core.py,14706
m3.m3_core,M3ConsciousnessCore._learn_text_data,m3/m3_core.py,14747
m3.m3_core,M3ConsciousnessCore._learn_json_data,m3/m3_core.py,14771
m3.m3_core,M3ConsciousnessCore._learn_tsv_data,m3/m3_core.py,14808
m3.m3_core,M3ConsciousnessCore._learn_vector_data,m3/m3_core.py,14903
m3.m3_core,M3ConsciousnessCore._learn_image_data,m3/m3_core.py,14930
m3.m3_core,M3ConsciousnessCore._learn_legal_case,m3/m3_core.py,14942
m3.m3_core,M3ConsciousnessCore._learn_word2vec_model,m3/m3_core.py,14973
m3.m3_core,M3ConsciousnessCore._learn_entity_embedding,m3/m3_core.py,15002
m3.m3_core,M3ConsciousnessCore._feed_features_to_memory,m3/m3_core.py,15031
m3.m3_core,M3ConsciousnessCore.learn_from_dataset,m3/m3_core.py,15055
m3.m3_core,M3ConsciousnessCore.run_autonomous_learning,m3/m3_core.py,15117
m3.m3_core,M3ConsciousnessCore._arc_ops_library,m3/m3_core.py,15235
m3.m3_core,M3ConsciousnessCore._arc_apply_program,m3/m3_core.py,15269
m3.m3_core,M3ConsciousnessCore._arc_score_program,m3/m3_core.py,15276
m3.m3_core,M3ConsciousnessCore._arc_search,m3/m3_core.py,15309
m3.m3_core,M3ConsciousnessCore._bootstrap_ci,m3/m3_core.py,15377
m3.m3_core,M3ConsciousnessCore.run_research,m3/m3_core.py,15392
m3.m3_core,build_parser,m3/m3_core.py,15495
m3.m3_core,main,m3/m3_core.py,15512
m3.m3_core,_scope_compute_arousal,m3/m3_core.py,15573
m3.reward,_resolve_device,m3/reward.py,33
m3.reward,Drive.evaluate,m3/reward.py,68
m3.reward,_TorchAffectEncoder.__init__,m3/reward.py,100
m3.reward,_TorchAffectEncoder.forward,m3/reward.py,110
m3.reward,AffectKernel.__init__,m3/reward.py,121
m3.reward,AffectKernel.infer,m3/reward.py,155
m3.reward,AffectKernel.infer_batch,m3/reward.py,168
m3.reward,AffectKernel.update_running_stats,m3/reward.py,196
m3.reward,AffectKernel._to_1d_numpy,m3/reward.py,225
m3.reward,AffectKernel._context_to_vec,m3/reward.py,234
m3.reward,AffectKernel._normalize,m3/reward.py,271
m3.reward,AffectKernel._concat,m3/reward.py,276
m3.reward,AffectKernel._infer_torch,m3/reward.py,285
m3.reward,AffectKernel._infer_batch_torch,m3/reward.py,293
m3.reward,AffectKernel.state_dict,m3/reward.py,304
m3.reward,AffectKernel.load_state_dict,m3/reward.py,320
m3.reward,RewardSystem.__init__,m3/reward.py,381
m3.reward,RewardSystem._register_viability_drive,m3/reward.py,424
m3.reward,RewardSystem._register_affect_core_drives,m3/reward.py,445
m3.reward,RewardSystem.create_derived_drive,m3/reward.py,548
m3.reward,RewardSystem.deactivate_drive,m3/reward.py,570
m3.reward,RewardSystem.evaluate_all,m3/reward.py,586
m3.reward,RewardSystem.total_cost,m3/reward.py,606
m3.torch_policy,_resolve_device,m3/torch_policy.py,24
m3.torch_policy,_Expert.__init__,m3/torch_policy.py,34
m3.torch_policy,_Expert.forward,m3/torch_policy.py,38
m3.torch_policy,_MoEFFN.__init__,m3/torch_policy.py,43
m3.torch_policy,_MoEFFN.forward,m3/torch_policy.py,50
m3.torch_policy,TorchSharedRepr.__init__,m3/torch_policy.py,68
m3.torch_policy,TorchSharedRepr.forward,m3/torch_policy.py,83
m3.torch_policy,Expert.__init__,m3/torch_policy.py,96
m3.torch_policy,Expert.forward,m3/torch_policy.py,101
m3.torch_policy,MoEFFN.__init__,m3/torch_policy.py,106
m3.torch_policy,MoEFFN.forward,m3/torch_policy.py,113
m3.torch_policy,PolicyModel.__init__,m3/torch_policy.py,132
m3.torch_policy,PolicyModel.forward,m3/torch_policy.py,143
m3.torch_policy,TorchPolicy.__init__,m3/torch_policy.py,171
m3.torch_policy,TorchPolicy.sigma,m3/torch_policy.py,197
m3.torch_policy,TorchPolicy.sample,m3/torch_policy.py,204
m3.torch_policy,TorchPolicy.record,m3/torch_policy.py,231
m3.torch_policy,TorchPolicy.end_batch,m3/torch_policy.py,241
m3.torch_policy,TorchPolicy.update,m3/torch_policy.py,323
m3.torch_policy,MLP.__init__,m3/torch_policy.py,330
m3.torch_policy,MLP.forward,m3/torch_policy.py,338
m3.torch_policy,BRPolicyModel.__init__,m3/torch_policy.py,343
m3.torch_policy,BRPolicyModel._get_expert,m3/torch_policy.py,358
m3.torch_policy,BRPolicyModel._spec_summary,m3/torch_policy.py,366
m3.torch_policy,BRPolicyModel.forward,m3/torch_policy.py,376
m3.torch_policy,BRPolicy.__init__,m3/torch_policy.py,420
m3.torch_policy,BRPolicy.sigma,m3/torch_policy.py,439
m3.torch_policy,BRPolicy.set_active_specs,m3/torch_policy.py,446
m3.torch_policy,BRPolicy.set_gate_bias,m3/torch_policy.py,449
m3.torch_policy,BRPolicy.sample,m3/torch_policy.py,452
m3.torch_policy,BRPolicy.diagnose,m3/torch_policy.py,465
m3.torch_policy,BRPolicy.record,m3/torch_policy.py,483
m3.torch_policy,BRPolicy.end_batch,m3/torch_policy.py,491
m3.torch_policy,BRPolicy.update_from_delayed_reward,m3/torch_policy.py,584
m3.visualization,get_hilbert_map,m3/visualization.py,19
m3.visualization,hilbert_index_to_xy,m3/visualization.py,47
m3.visualization,vector_to_grid,m3/visualization.py,65
m3.visualization,Retinizer.__call__,m3/visualization.py,107
m3.visualization,FeatureSummarizer.__post_init__,m3/visualization.py,187
m3.visualization,FeatureSummarizer.__call__,m3/visualization.py,193
m3.visualization,GlitchEncoder.__call__,m3/visualization.py,296
m3.__init__,get_device,m3/__init__.py,22
m3.__init__,require_cuda_device,m3/__init__.py,31
m3.__init__,_resolve_cached_device,m3/__init__.py,36
m3.__init__,__getattr__,m3/__init__.py,47
